{"2017\/6":{"发生额":10352.47,"余额":64448.62,"到期量":0.0},"2017\/7":{"发生额":8489.77,"余额":63728.16,"到期量":9210.229999999996},"2017\/8":{"发生额":9403.6,"余额":64526.31,"到期量":8605.450000000012},"2017\/9":{"发生额":11284.48,"余额":66285.43,"到期量":9525.36},"2017\/10":{"发生额":8372.82,"余额":66953.71,"到期量":7704.539999999994},"2017\/11":{"发生额":10901.62,"余额":68238.86,"到期量":9616.470000000001},"2017\/12":{"发生额":11905.39,"余额":71007.29,"到期量":9136.960000000006},"2018\/1":{"发生额":12082.15,"余额":73251.5,"到期量":9837.939999999988},"2018\/2":{"发生额":9407.18,"余额":84838.15,"到期量":-2179.470000000001},"2018\/3":{"发生额":13521.24,"余额":85002.45,"到期量":13356.94},"2018\/4":{"发生额":11119.66,"余额":86737.89,"到期量":9384.220000000001},"2018\/5":{"发生额":12255.57,"余额":86776.91,"到期量":12216.54999999999},"2018\/6":{"发生额":12929.03,"余额":86687.46,"到期量":13018.48},"2018\/7":{"发生额":12677.94,"余额":86765.15,"到期量":12600.25000000001},"2018\/8":{"发生额":14551.59,"余额":90246.21,"到期量":11070.52999999998},"2018\/9":{"发生额":13911.56,"余额":91693.13,"到期量":12464.64},"2018\/10":{"发生额":11347.34,"余额":92519.22,"到期量":10521.25},"2018\/11":{"发生额":14555.72,"余额":94962.73,"到期量":12112.21000000001},"2018\/12":{"发生额":17169.39,"余额":99340.37,"到期量":12791.75},"2019\/1":{"发生额":21672.32,"余额":104287.29,"到期量":16725.40000000001},"2019\/2":{"发生额":9023.62,"余额":102954.26,"到期量":10356.64999999999},"2019\/3":{"发生额":15866.22,"余额":105121.62,"到期量":13698.86},"2019\/4":{"发生额":13231.08,"余额":106864.89,"到期量":11487.81},"2019\/5":{"发生额":12770.15,"余额":107232.79,"到期量":12402.25},"2019\/6":{"发生额":13505.04,"余额":106460.06,"到期量":14277.76999999999},"2019\/7":{"发生额":13587.49,"余额":103489.7,"到期量":16557.85000000001},"2019\/8":{"发生额":14225.29,"余额":105977.38,"到期量":11737.60999999999},"2019\/9":{"发生额":15008.14,"余额":107436.09,"到期量":13549.43000000001},"2019\/10":{"发生额":11510.2,"余额":106495.55,"到期量":12450.73999999999},"2019\/11":{"发生额":14442.63,"余额":106925.95,"到期量":14012.23000000001,"1Y_percent":0.19791666666666666,"9M_percent":0.19791666666666666,"6M_percent":0.20833333333333334,"3M_percent":0.19791666666666666,"1M_percent":0.19791666666666666,"avg_rate0":2.6304791666666665,"avg_rate1":2.7712854166666667,"avg_rate2":5.123177083333337,"avg_rate3":1.9373020833333332,"avg_rate4":2.8227854166666657,"avg_rate5":1.363284375,"avg_rate6":2.1782833333333325,"avg_rate7":5.149032291666665,"turn_over_cnt":91.63715729166665},"2019\/12":{"发生额":18711.13,"余额":108914.51,"到期量":16722.57000000001,"1Y_percent":0.2,"9M_percent":0.2,"6M_percent":0.2,"3M_percent":0.2,"1M_percent":0.2,"avg_rate0":2.8880478787878796,"avg_rate1":2.926060606060606,"avg_rate2":4.8556969696969725,"avg_rate3":2.232754545454544,"avg_rate4":2.9733921212121213,"avg_rate5":1.4366096969696973,"avg_rate6":2.571566060606061,"avg_rate7":2.8095921212121198,"turn_over_cnt":86.15865636363633},"2020\/1":{"发生额":18947.0762,"余额":110193.7353,"到期量":17667.85089999999,"1Y_percent":0.2,"9M_percent":0.2,"6M_percent":0.2,"3M_percent":0.2,"1M_percent":0.2,"avg_rate0":2.9281618181818163,"avg_rate1":2.9282072727272723,"avg_rate2":5.168454545454549,"avg_rate3":2.411190909090909,"avg_rate4":3.061564545454546,"avg_rate5":1.5434272727272729,"avg_rate6":2.8017545454545454,"avg_rate7":2.9463299999999983,"turn_over_cnt":136.7091381818182},"2020\/2":{"发生额":11645.76,"余额":109677.77,"到期量":12161.72529999999,"1Y_percent":0.2,"9M_percent":0.2,"6M_percent":0.2,"3M_percent":0.2,"1M_percent":0.2,"avg_rate0":2.631321818181817,"avg_rate1":2.915551818181818,"avg_rate2":4.317231818181818,"avg_rate3":2.352336363636363,"avg_rate4":2.48365909090909,"avg_rate5":1.5282445454545455,"avg_rate6":2.3225299999999995,"avg_rate7":9.70297545454546,"turn_over_cnt":82.74192909090911},"2020\/3":{"发生额":21879.57,"余额":115440.13,"到期量":16117.20999999999,"1Y_percent":0.2,"9M_percent":0.2,"6M_percent":0.2,"3M_percent":0.2,"1M_percent":0.2,"avg_rate0":2.6631682352941177,"avg_rate1":2.6555611764705866,"avg_rate2":4.544821764705885,"avg_rate3":2.23250294117647,"avg_rate4":2.7760752941176463,"avg_rate5":1.2971382352941176,"avg_rate6":2.576344705882352,"avg_rate7":2.6429200000000015,"turn_over_cnt":160.72272823529414},"2020\/4":{"发生额":17219.42,"余额":119912.19,"到期量":12747.35999999999,"1Y_percent":0.2,"9M_percent":0.2,"6M_percent":0.2,"3M_percent":0.2,"1M_percent":0.2,"avg_rate0":1.6781915789473691,"avg_rate1":1.744528421052632,"avg_rate2":2.9311410526315793,"avg_rate3":1.3893326315789474,"avg_rate4":116.03046157894735,"avg_rate5":0.8236121052631578,"avg_rate6":2.2431557894736858,"avg_rate7":2.3556042105263195,"turn_over_cnt":126.3569368421052},"2020\/5":{"发生额":14894.67,"余额":122042.51,"到期量":12764.35000000002,"1Y_percent":0.2,"9M_percent":0.2,"6M_percent":0.2,"3M_percent":0.2,"1M_percent":0.2,"avg_rate0":1.409539555555555,"avg_rate1":1.4494675555555567,"avg_rate2":2.583642222222222,"avg_rate3":1.1056088888888889,"avg_rate4":1.449041777777778,"avg_rate5":0.6621400000000001,"avg_rate6":1.9570733333333312,"avg_rate7":2.147724,"turn_over_cnt":98.29897599999998},"2020\/6":{"发生额":15545.4,"余额":122388.23,"到期量":15199.68000000001,"1Y_percent":0.2,"9M_percent":0.2,"6M_percent":0.2,"3M_percent":0.2,"1M_percent":0.2,"avg_rate0":1.6855155555555548,"avg_rate1":1.6764455555555557,"avg_rate2":2.6525022222222225,"avg_rate3":1.2995296296296295,"avg_rate4":1.706270740740741,"avg_rate5":0.6896218518518518,"avg_rate6":2.2335137037037023,"avg_rate7":2.4596788888888903,"turn_over_cnt":80.5897422222222},"2020\/7":{"发生额":13187.51,"余额":120241.73,"到期量":15334.00999999999,"1Y_percent":0.2,"9M_percent":0.2,"6M_percent":0.2,"3M_percent":0.2,"1M_percent":0.2,"avg_rate0":1.7183400000000002,"avg_rate1":1.683759666666666,"avg_rate2":111.82945033333334,"avg_rate3":1.3301486666666675,"avg_rate4":1.7201936666666666,"avg_rate5":0.8609800000000001,"avg_rate6":2.5433216666666634,"avg_rate7":2.5969826666666687,"turn_over_cnt":82.40878466666672},"2020\/8":{"发生额":12004.29,"余额":119993.94,"到期量":12252.07999999999,"1Y_percent":0.2,"9M_percent":0.2,"6M_percent":0.2,"3M_percent":0.2,"1M_percent":0.2,"avg_rate0":1.7263990909090912,"avg_rate1":1.681422272727272,"avg_rate2":2.3716390909090888,"avg_rate3":1.3945422727272727,"avg_rate4":1.699425909090909,"avg_rate5":0.9722990909090907,"avg_rate6":2.5606027272727276,"avg_rate7":2.6103413636363615,"turn_over_cnt":266.4105481818182},"2020\/9":{"发生额":14657.66,"余额":118866.77,"到期量":15784.83,"1Y_percent":0.2,"9M_percent":0.2,"6M_percent":0.2,"3M_percent":0.2,"1M_percent":0.2,"avg_rate0":1.9105014634146347,"avg_rate1":1.8679458536585365,"avg_rate2":2.5590941463414634,"avg_rate3":1.5635770731707324,"avg_rate4":1.895014146341463,"avg_rate5":0.9841053658536586,"avg_rate6":2.8345692682926833,"avg_rate7":2.8299195121951217,"turn_over_cnt":62.976663414634196},"2020\/10":{"发生额":11201.31,"余额":116508.55,"到期量":13559.53,"1Y_percent":0.2,"9M_percent":0.2,"6M_percent":0.2,"3M_percent":0.2,"1M_percent":0.2,"avg_rate0":1.9245112820512826,"avg_rate1":1.8776164102564115,"avg_rate2":2.470054358974359,"avg_rate3":1.6045953846153842,"avg_rate4":1.9237866666666672,"avg_rate5":0.9477661538461539,"avg_rate6":2.868872307692306,"avg_rate7":2.812915384615386,"turn_over_cnt":79.50211435897435},"2020\/11":{"发生额":14060.95,"余额":116837.19,"到期量":13732.31,"1Y_percent":0.2,"9M_percent":0.2,"6M_percent":0.2,"3M_percent":0.2,"1M_percent":0.2,"avg_rate0":1.8611380392156864,"avg_rate1":1.8554360784313721,"avg_rate2":2.391408235294119,"avg_rate3":1.5307996078431378,"avg_rate4":1.7042898039215677,"avg_rate5":1.0228784313725485,"avg_rate6":2.7315564705882376,"avg_rate7":4.629149019607844,"turn_over_cnt":75.68137137254901},"2020\/12":{"发生额":19473.18,"余额":118013.95,"到期量":18296.42,"1Y_percent":0.2,"9M_percent":0.2,"6M_percent":0.2,"3M_percent":0.2,"1M_percent":0.2,"avg_rate0":106.27414086956519,"avg_rate1":1.9813369565217398,"avg_rate2":2.8238804347826094,"avg_rate3":1.5600091304347832,"avg_rate4":120.1506817391305,"avg_rate5":0.9354256521739134,"avg_rate6":2.665980869565218,"avg_rate7":2.7491452173913036,"turn_over_cnt":99.95881739130438},"2021\/1":{"发生额":19550.41,"余额":120891.33,"到期量":16673.02999999998,"1Y_percent":0.2,"9M_percent":0.2,"6M_percent":0.2,"3M_percent":0.2,